{
    "Color": {
        "Blue": 255,
        "FloatColor4Alpha": 1.0,
        "FloatColor4Blue": 1.0,
        "FloatColor4Green": 0.9921568632125854,
        "FloatColor4Red": 0.7803921699523926,
        "Green": 253,
        "Red": 199
    },
    "Density": 9.970000246539712e-05
}
