{
    "Color": {
        "Blue": 251,
        "FloatColor4Alpha": 1.0,
        "FloatColor4Blue": 0.9845559597015381,
        "FloatColor4Green": 0.9482300877571106,
        "FloatColor4Red": 0.6994528770446777,
        "Green": 241,
        "Red": 178
    },
    "Density": 5.529999907594174e-05
}
