{
    "Color": {
        "Blue": 252,
        "FloatColor4Alpha": 1.0,
        "FloatColor4Blue": 0.9884169697761536,
        "FloatColor4Green": 0.9857205748558044,
        "FloatColor4Red": 0.7556237578392029,
        "Green": 251,
        "Red": 192
    },
    "Density": 5.529999907594174e-05
}
