{
    "Color": {
        "Blue": 255,
        "FloatColor4Alpha": 1.0,
        "FloatColor4Blue": 1.0,
        "FloatColor4Green": 0.9476752281188965,
        "FloatColor4Red": 0.6988416910171509,
        "Green": 241,
        "Red": 178
    },
    "Density": 5.529999907594174e-05
}
